country,name,rating
Brazil,Pelé,98,form rating icon gold rare
Argentina,Diego Maradona,97,form rating icon gold rare
Portugal,Cristiano Ronaldo,95,form rating wcmode_blue gold rare
Brazil,Ronaldo,94,form rating icon gold rare
Russia,Lev Yashin,94,form rating icon gold rare
Argentina,Lionel Messi,94,form rating wcmode_blue gold rare
Brazil,Neymar,93,form rating wcmode_blue gold rare
France,Thierry Henry,93,form rating icon gold rare
Germany,Lothar Matthäus,93,form rating icon gold rare
England,Bobby Moore,92,form rating icon gold rare
Poland,Robert Lewandowski,92,form rating wcmode_blue gold rare
England,Lineker,92,form rating icon gold rare
Spain,Carles Puyol,92,form rating icon gold rare
Brazil,Ronaldinho,91,form rating icon gold rare
Spain,De Gea,91,form rating wcmode_blue gold rare
France,Laurent Blanc,91,form rating icon gold rare
Uruguay,Luis Suárez,91,form rating wcmode_blue gold rare
Germany,Manuel Neuer,91,form rating wcmode_blue gold rare
Nigeria,Jay-Jay Okocha,90,form rating icon gold rare
Belgium,Kevin De Bruyne,90,form rating wcmode_blue gold rare
Mexico,Luis Hernández,90,form rating icon gold rare
Germany,Mats Hummels,90,form rating wcmode_blue gold rare
Belgium,Eden Hazard,90,form rating wcmode_blue gold rare
Portugal,Rui Costa,90,form rating icon gold rare
Germany,Toni Kroos,90,form rating wcmode_blue gold rare
Spain,Sergio Ramos,90,form rating wcmode_blue gold rare
Portugal,Deco,90,form rating icon gold rare
Uruguay,Edinson Cavani,89,form rating wcmode_blue gold rare
Croatia,Luka Modric,89,form rating wcmode_blue gold rare
France,Antoine Griezmann,89,form rating wcmode_blue gold rare
France,Antoine Griezmann,89,form rating wcmode_blue gold rare
Egypt,Mohamed Salah,88,form rating wcmode_blue gold rare
France,N'Golo Kanté,88,form rating wcmode_blue gold rare
Portugal,Pepe,88,form rating wcmode_blue gold rare
Brazil,Coutinho,88,form rating wcmode_blue gold rare
Germany,Mesut Özil,88,form rating wcmode_blue gold rare
Argentina,Gonzalo Higuaín,88,form rating wcmode_blue gold rare
Uruguay,Diego Godín,88,form rating wcmode_blue gold rare
Belgium,Thibaut Courtois,88,form rating wcmode_blue gold rare
Spain,Thiago,88,form rating wcmode_blue gold rare
Brazil,Miranda,87,form rating wcmode_blue gold rare
England,Harry Kane,87,form rating wcmode_blue gold rare
Germany,Marc-André ter Stegen,87,form rating wcmode_blue gold rare
Spain,Piqué,87,form rating wcmode_blue gold rare
Argentina,Sergio Agüero,87,form rating wcmode_blue gold rare
France,Hugo Lloris,87,form rating wcmode_blue gold rare
Spain,Sergio Busquets,87,form rating wcmode_blue gold rare
Brazil,Marcelo,87,form rating wcmode_blue gold rare
Spain,David Silva,87,form rating wcmode_blue gold rare
Spain,Iniesta,87,form rating wcmode_blue gold rare
Germany,Klose,87,form rating icon gold rare
Germany,Jérôme Boateng,87,form rating wcmode_blue gold rare
Colombia,James Rodríguez,87,form rating wcmode_blue gold rare
Brazil,Paulinho,87,form rating wcmode_blue gold rare
Argentina,Paulo Dybala,87,form rating wcmode_blue gold rare
Belgium,Dries Mertens,86,form rating wcmode_blue gold rare
Brazil,Dani Alves,86,form rating wcmode_blue gold rare
Belgium,Romelu Lukaku,86,form rating wcmode_blue gold rare
Germany,Thomas Müller,86,form rating wcmode_blue gold rare
Argentina,Nicolás Otamendi,86,form rating wcmode_blue gold rare
Spain,Isco,86,form rating wcmode_blue gold rare
Costa Rica,Keylor Navas,86,form rating wcmode_blue gold rare
Argentina,Nicolás Otamendi,86,form rating wcmode_blue gold rare
Brazil,Thiago Silva,86,form rating wcmode_blue gold rare
Germany,Thomas Müller,86,form rating wcmode_blue gold rare
France,Paul Pogba,86,form rating wcmode_blue gold rare
Brazil,Casemiro,86,form rating wcmode_blue gold rare
Croatia,Ivan Rakitic,86,form rating wcmode_blue gold rare
France,Raphaël Varane,85,form rating wcmode_blue gold rare
Germany,Joshua Kimmich,85,form rating wcmode_blue gold rare
Spain,Koke,85,form rating wcmode_blue gold rare
Argentina,Mauro Icardi,85,form rating wcmode_blue gold rare
Brazil,Gabriel Jesus,85,form rating wcmode_blue gold rare
France,Samuel Umtiti,85,form rating wcmode_blue gold rare
Germany,Sami Khedira,85,form rating wcmode_blue gold rare
Croatia,Ivan Perišic,85,form rating wcmode_blue gold rare
Brazil,Willian,85,form rating wcmode_blue gold rare
France,Kylian Mbappé,85,form rating wcmode_blue gold rare
Morocco,Medhi Benatia,85,form rating wcmode_blue gold rare
Germany,Timo Werner,85,form rating wcmode_blue gold rare
Brazil,Marquinhos,85,form rating wcmode_blue gold rare
Iceland,Gylfi Sigurðsson,85,form rating wcmode_blue gold rare
France,Laurent Koscielny,85,form rating wcmode_blue gold rare
Portugal,Rui Patrício,85,form rating wcmode_blue gold rare
Brazil,Renato Augusto,85,form rating wcmode_blue gold rare
Brazil,Filipe Luís,85,form rating wcmode_blue gold rare
France,Blaise Matuidi,85,form rating wcmode_blue gold rare
Spain,Jordi Alba,85,form rating wcmode_blue gold rare
Argentina,Ángel Di María,85,form rating wcmode_blue gold rare
Germany,Leon Goretzka,84,form rating wcmode_blue gold rare
Germany,Julian Draxler,84,form rating wcmode_blue gold rare
Argentina,Alejandro Gómez,84,form rating wcmode_blue gold rare
Spain,Marco Asensio,84,form rating wcmode_blue gold rare
Portugal,João Mário,84,form rating wcmode_blue gold rare
Belgium,Toby Alderweireld,84,form rating wcmode_blue gold rare
Senegal,Sadio Mané,84,form rating wcmode_blue gold rare
Germany,Ilkay Gündogan,84,form rating wcmode_blue gold rare
Portugal,Adrien Silva,84,form rating wcmode_blue gold rare
Poland,Lukasz Piszczek,84,form rating wcmode_blue gold rare
England,Raheem Sterling,84,form rating wcmode_blue gold rare
France,Thomas Lemar,84,form rating wcmode_blue gold rare
Belgium,Vincent Kompany,84,form rating wcmode_blue gold rare
Serbia,Nemanja Matic,84,form rating wcmode_blue gold rare
Germany,Leon Goretzka,84,form rating wcmode_blue gold rare
Portugal,William Carvalho,84,form rating wcmode_blue gold rare
France,Olivier Giroud,84,form rating wcmode_blue gold rare
Belgium,Jan Vertonghen,84,form rating wcmode_blue gold rare
Brazil,David Luiz,84,form rating wcmode_blue gold rare
Brazil,Roberto Firmino,84,form rating wcmode_blue gold rare
Spain,Carvajal,84,form rating wcmode_blue gold rare
Germany,Niklas Süle,84,form rating wcmode_blue gold rare
Portugal,Bernardo Silva,84,form rating wcmode_blue gold rare
France,Steve Mandanda,84,form rating wcmode_blue gold rare
Brazil,Fernandinho,84,form rating wcmode_blue gold rare
Spain,Diego Costa,84,form rating wcmode_blue gold rare
Germany,Bernd Leno,84,form rating wcmode_blue gold rare
Colombia,Falcao,84,form rating wcmode_blue gold rare
Portugal,João Moutinho,84,form rating wcmode_blue gold rare
France,Dimitri Payet,84,form rating wcmode_blue gold rare
Brazil,Alex Sandro,84,form rating wcmode_blue gold rare
Spain,Carvajal,84,form rating wcmode_blue gold rare
Germany,Leroy Sané,83,form rating wcmode_blue gold rare
Spain,Javi Martinez,83,form rating wcmode_blue gold rare
Spain,Rodrigo,83,form rating wcmode_blue gold rare
Brazil,Ederson,83,form rating wcmode_blue gold rare
Croatia,Mario Mandžukic,83,form rating wcmode_blue gold rare
Sweden,Emil Forsberg,83,form rating wcmode_blue gold rare
Brazil,Douglas Costa,83,form rating wcmode_blue gold rare
France,Ousmane Dembélé,83,form rating wcmode_blue gold rare
Germany,Mario Götze,83,form rating wcmode_blue gold rare
Spain,Ander Herrera,83,form rating wcmode_blue gold rare
Spain,Iago Aspas,83,form rating wcmode_blue gold rare
Denmark,Kasper Schmeichel,83,form rating wcmode_blue gold rare
Korea Republic,Heung Min Son,83,form rating wcmode_blue gold rare
Switzerland,Yann Sommer,83,form rating wcmode_blue gold rare
France,Corentin Tolisso,83,form rating wcmode_blue gold rare
Spain,Morata,83,form rating wcmode_blue gold rare
Brazil,Fabinho,83,form rating wcmode_blue gold rare
Spain,José Reina,83,form rating wcmode_blue gold rare
Brazil,Hulk,83,form rating wcmode_blue gold rare
Poland,Wojciech Szczesny,83,form rating wcmode_blue gold rare
England,Kyle Walker,83,form rating wcmode_blue gold rare
Belgium,Witsel,83,form rating wcmode_blue gold rare
Spain,Sergio Asenjo,83,form rating wcmode_blue gold rare
France,Anthony Martial,83,form rating wcmode_blue gold rare
Spain,Azpilicueta,83,form rating wcmode_blue gold rare
Brazil,Giuliano,83,form rating wcmode_blue gold rare
Uruguay,José María Giménez,83,form rating wcmode_blue gold rare
Argentina,Javier Pastore,83,form rating wcmode_blue gold rare
Portugal,Danilo Pereira,83,form rating wcmode_blue gold rare
Brazil,Oscar,83,form rating wcmode_blue gold rare
Sweden,Emil Forsberg,83,form rating wcmode_blue gold rare
France,Corentin Tolisso,83,form rating wcmode_blue gold rare
Spain,Ander Herrera,83,form rating wcmode_blue gold rare
Spain,Iago Aspas,83,form rating wcmode_blue gold rare
Brazil,Ederson,83,form rating wcmode_blue gold rare
Denmark,Kasper Schmeichel,83,form rating wcmode_blue gold rare
Brazil,Douglas Costa,83,form rating wcmode_blue gold rare
Switzerland,Yann Sommer,83,form rating wcmode_blue gold rare
Portugal,Nani,82,form rating wcmode_blue gold rare
Russia,Fedor Smolov,82,form rating wcmode_blue gold rare
Germany,Shkodran Mustafi,82,form rating wcmode_blue gold rare
Argentina,Federico Fazio,82,form rating wcmode_blue gold rare
Colombia,Juan Cuadrado,82,form rating wcmode_blue gold rare
Denmark,Andreas Christensen,82,form rating wcmode_blue gold rare
France,Adil Rami,82,form rating wcmode_blue gold rare
Spain,José Callejón,82,form rating wcmode_blue gold rare
Spain,Jonathan Viera,82,form rating wcmode_blue gold rare
Switzerland,Xherdan Shaqiri,82,form rating wcmode_blue gold rare
Spain,Juan Mata,82,form rating wcmode_blue gold rare
Spain,Saúl,82,form rating wcmode_blue gold rare
Argentina,Lucas Biglia,82,form rating wcmode_blue gold rare
Germany,Benedikt Höwedes,82,form rating wcmode_blue gold rare
Uruguay,Fernando Muslera,82,form rating wcmode_blue gold rare
Japan,Shinji Kagawa,82,form rating wcmode_blue gold rare
Poland,Piotr Zielinski,82,form rating wcmode_blue gold rare
France,Kingsley Coman,82,form rating wcmode_blue gold rare
Brazil,Lucas Lima,82,form rating wcmode_blue gold rare
Serbia,Branislav Ivanović,82,form rating wcmode_blue gold rare
Spain,Arrizabalaga,82,form rating wcmode_blue gold rare
Russia,Fedor Smolov,82,form rating wcmode_blue gold rare
Germany,Kevin Trapp,82,form rating wcmode_blue gold rare
Portugal,André Gomes,82,form rating wcmode_blue gold rare
Denmark,Andreas Christensen,82,form rating wcmode_blue gold rare
Spain,José Callejón,82,form rating wcmode_blue gold rare
Spain,Jonathan Viera,82,form rating wcmode_blue gold rare
France,Florian Thauvin,82,form rating wcmode_blue gold rare
Spain,Sergio Rico,82,form rating wcmode_blue gold rare
Spain,Juan Mata,82,form rating wcmode_blue gold rare
Spain,Saúl,82,form rating wcmode_blue gold rare
Portugal,Lopes,82,form rating wcmode_blue gold rare
Spain,Suso,82,form rating wcmode_blue gold rare
Germany,Emre Can,82,form rating wcmode_blue gold rare
Colombia,Davinson Sánchez,82,form rating wcmode_blue gold rare
Argentina,Sergio Romero,82,form rating wcmode_blue gold rare
Poland,Piotr Zielinski,82,form rating wcmode_blue gold rare
Spain,Arrizabalaga,82,form rating wcmode_blue gold rare
Switzerland,Granit Xhaka,82,form rating wcmode_blue gold rare
France,Adrien Rabiot,82,form rating wcmode_blue gold rare
Serbia,Branislav Ivanović,82,form rating wcmode_blue gold rare
England,Danny Rose,82,form rating wcmode_blue gold rare
Poland,Lukasz Fabianski,82,form rating wcmode_blue gold rare
Germany,Lars Stindl,82,form rating wcmode_blue gold rare
Argentina,Federico Fazio,82,form rating wcmode_blue gold rare
Spain,Pedro,82,form rating wcmode_blue gold rare
France,Aymeric Laporte,82,form rating wcmode_blue gold rare
Colombia,Juan Cuadrado,82,form rating wcmode_blue gold rare
France,Presnel Kimpembe,82,form rating wcmode_blue gold rare
Switzerland,Xherdan Shaqiri,82,form rating wcmode_blue gold rare
Sweden,Andreas Granqvist,81,form rating wcmode_blue gold rare
Mexico,Javier Hernández,81,form rating wcmode_blue gold rare
Belgium,Thomas Meunier,81,form rating wcmode_blue gold rare
Spain,Deulofeu,81,form rating wcmode_blue gold rare
Uruguay,Sebastián Coates,81,form rating wcmode_blue gold rare
Argentina,Marcos Rojo,81,form rating wcmode_blue gold rare
Sweden,Marcus Berg,81,form rating wcmode_blue gold rare
Spain,Vitolo,81,form rating wcmode_blue gold rare
England,Adam Lallana,81,form rating wcmode_blue gold rare
England,Phil Jones,81,form rating wcmode_blue gold rare
Germany,Sebastian Rudy,81,form rating wcmode_blue gold rare
Mexico,Jesús Corona,81,form rating wcmode_blue gold rare
Russia,Mário Figueira Fernandes,81,form rating wcmode_blue gold rare
Belgium,Marouane Fellaini,81,form rating wcmode_blue gold rare
Portugal,Bruno Fernandes,81,form rating wcmode_blue gold rare
Argentina,Javier Mascherano,81,form rating wcmode_blue gold rare
Portugal,Gelson Martins,81,form rating wcmode_blue gold rare
England,Chris Smalling,81,form rating wcmode_blue gold rare
Switzerland,Stephan Lichtsteiner,81,form rating wcmode_blue gold rare
France,André-Pierre Gignac,81,form rating wcmode_blue gold rare
Croatia,Mateo Kovačić,81,form rating wcmode_blue gold rare
Germany,Jonathan Tah,81,form rating wcmode_blue gold rare
Spain,Illarramendi,81,form rating wcmode_blue gold rare
Morocco,Hakim Ziyech,81,form rating wcmode_blue gold rare
Belgium,Michy Batshuayi,81,form rating wcmode_blue gold rare
Portugal,Pizzi,81,form rating wcmode_blue gold rare
Mexico,Carlos Vela,81,form rating wcmode_blue gold rare
Brazil,Luiz Gustavo,81,form rating wcmode_blue gold rare
Argentina,Ezequiel Garay,81,form rating wcmode_blue gold rare
England,Daniel Sturridge,81,form rating wcmode_blue gold rare
England,Marcus Rashford,81,form rating wcmode_blue gold rare
Switzerland,Ricardo Rodríguez,81,form rating wcmode_blue gold rare
Germany,Mario Gómez,81,form rating wcmode_blue gold rare
Belgium,Radja Nainggolan,81,form rating wcmode_blue gold rare
Portugal,Cédric,81,form rating wcmode_blue gold rare
Spain,Bartra,81,form rating wcmode_blue gold rare
Mexico,Hirving Lozano,81,form rating wcmode_blue gold rare
Switzerland,Stephan Lichtsteiner,81,form rating wcmode_blue gold rare
England,Daniel Sturridge,81,form rating wcmode_blue gold rare
England,Jamie Vardy,81,form rating wcmode_blue gold rare
Spain,Deulofeu,81,form rating wcmode_blue gold rare
Spain,Illarramendi,81,form rating wcmode_blue gold rare
England,Marcus Rashford,81,form rating wcmode_blue gold rare
Spain,Vitolo,81,form rating wcmode_blue gold rare
Germany,Julian Brandt,81,form rating wcmode_blue gold rare
England,Jack Butland,81,form rating wcmode_blue gold rare
Mexico,Javier Hernández,81,form rating wcmode_blue gold rare
Uruguay,Sebastián Coates,81,form rating wcmode_blue gold rare
Argentina,Marcos Rojo,81,form rating wcmode_blue gold rare
Portugal,Bruno Fernandes,81,form rating wcmode_blue gold rare
Argentina,Eduardo Salvio,80,form rating wcmode_blue gold rare
France,Geoffrey Kondogbia,80,form rating wcmode_blue gold rare
France,Djibril Sidibé,80,form rating wcmode_blue gold rare
Russia,Alexandr Samedov,80,form rating wcmode_blue gold rare
Belgium,Thomas Vermaelen,80,form rating wcmode_blue gold rare
England,Jordan Henderson,80,form rating wcmode_blue gold rare
Brazil,Gabriel Paulista,80,form rating wcmode_blue gold rare
Poland,Grzegorz Krychowiak,80,form rating wcmode_blue gold rare
Brazil,Ricardo Oliveira,80,form rating wcmode_blue gold rare
Colombia,Luis Muriel,80,form rating wcmode_blue gold rare
France,Tiémoué Bakayoko,80,form rating wcmode_blue gold rare
Senegal,Keita Baldé Diao,80,form rating wcmode_blue gold rare
Croatia,Vedran Ćorluka,80,form rating wcmode_blue gold rare
Belgium,Simon Mignolet,80,form rating wcmode_blue gold rare
Mexico,Héctor Moreno,80,form rating wcmode_blue gold rare
Argentina,Ángel Correa,80,form rating wcmode_blue gold rare
England,Eric Dier,80,form rating wcmode_blue gold rare
Brazil,Gabriel Paulista,80,form rating wcmode_blue gold rare
Serbia,Aleksandar Kolarov,80,form rating wcmode_blue gold rare
England,Ryan Bertrand,80,form rating wcmode_blue gold rare
France,Djibril Sidibé,80,form rating wcmode_blue gold rare
Belgium,Thomas Vermaelen,80,form rating wcmode_blue gold rare
Germany,Kerem Demirbay,80,form rating wcmode_blue gold rare
Egypt,Mohamed Elneny,80,form rating wcmode_blue gold rare
Russia,Alexandr Kokorin,80,form rating wcmode_blue gold rare
Denmark,Daniel Wass,80,form rating wcmode_blue gold rare
France,Benjamin Mendy,80,form rating wcmode_blue gold rare
Portugal,Ricardo Pereira,80,form rating wcmode_blue gold rare
Croatia,Šime Vrsaljko,80,form rating wcmode_blue gold rare
Mexico,Héctor Herrera,80,form rating wcmode_blue gold rare
Argentina,Roberto Pereyra,80,form rating wcmode_blue gold rare
England,Kieran Trippier,80,form rating wcmode_blue gold rare
France,Tiémoué Bakayoko,80,form rating wcmode_blue gold rare
Portugal,Bruma,80,form rating wcmode_blue gold rare
Poland,Arkadiusz Milik,80,form rating wcmode_blue gold rare
Russia,Alexandr Samedov,80,form rating wcmode_blue gold rare
Germany,Karim Bellarabi,80,form rating wcmode_blue gold rare
Colombia,Jeison Murillo,80,form rating wcmode_blue gold rare
Belgium,Steven Defour,80,form rating wcmode_blue gold rare
Brazil,Diego Ribas da Cunha,80,form rating wcmode_blue gold rare
England,Jermain Defoe,80,form rating wcmode_blue gold rare
England,Nathaniel Clyne,80,form rating wcmode_blue gold rare
Morocco,Younès Belhanda,80,form rating wcmode_blue gold rare
Mexico,Héctor Herrera,80,form rating wcmode_blue gold rare
Germany,Kerem Demirbay,80,form rating wcmode_blue gold rare
Denmark,Simon Kjær,80,form rating wcmode_blue gold rare
France,Djibril Sidibé,80,form rating wcmode_blue gold rare
Argentina,Gerónimo Rulli,80,form rating wcmode_blue gold rare
France,Benjamin Mendy,80,form rating wcmode_blue gold rare
Portugal,Ricardo Pereira,80,form rating wcmode_blue gold rare
Croatia,Šime Vrsaljko,80,form rating wcmode_blue gold rare
France,Tiémoué Bakayoko,80,form rating wcmode_blue gold rare
Germany,Sandro Wagner,80,form rating wcmode_blue gold rare
Portugal,Bruma,80,form rating wcmode_blue gold rare
Poland,Arkadiusz Milik,80,form rating wcmode_blue gold rare
Colombia,Jeison Murillo,80,form rating wcmode_blue gold rare
England,Jordan Henderson,80,form rating wcmode_blue gold rare
Nigeria,Victor Moses,80,form rating wcmode_blue gold rare
Russia,Alexandr Samedov,80,form rating wcmode_blue gold rare
Brazil,Diego Ribas da Cunha,80,form rating wcmode_blue gold rare
Belgium,Simon Mignolet,80,form rating wcmode_blue gold rare
Germany,Karim Bellarabi,80,form rating wcmode_blue gold rare
England,Ross Barkley,80,form rating wcmode_blue gold rare
Argentina,Eduardo Salvio,80,form rating wcmode_blue gold rare
Mexico,Jonathan dos Santos,80,form rating wcmode_blue gold rare
Portugal,Eliseu,79,form rating wcmode_blue gold rare
Belgium,Thorgan Hazard,79,form rating wcmode_blue gold rare
Spain,Odriozola,79,form rating wcmode_blue gold rare
England,Phil Jagielka,79,form rating wcmode_blue gold rare
Germany,André Schürrle,79,form rating wcmode_blue gold rare
France,Moussa Sissoko,79,form rating wcmode_blue gold rare
Brazil,Danilo,79,form rating wcmode_blue gold rare
Germany,André Schürrle,79,form rating wcmode_blue gold rare
Sweden,Victor Lindelöf,79,form rating wcmode_blue gold rare
France,Layvin Kurzawa,79,form rating wcmode_blue gold rare
Peru,André Carrillo,79,form rating wcmode_blue gold rare
England,Joe Hart,79,form rating wcmode_blue gold rare
Mexico,Giovani dos Santos,79,form rating wcmode_blue gold rare
Argentina,Emiliano Rigoni,79,form rating wcmode_blue gold rare
Belgium,Thorgan Hazard,79,form rating wcmode_blue gold rare
Russia,Alexandr Golovin,79,form rating wcmode_blue gold rare
Russia,Alexey Miranchuk,79,form rating wcmode_blue gold rare
Nigeria,Onyinye Ndidi,79,form rating wcmode_blue gold rare
England,Michail Antonio,79,form rating wcmode_blue gold rare
Argentina,Lucas Pratto,79,form rating wcmode_blue gold rare
Croatia,Nikola Kalinić,79,form rating wcmode_blue gold rare
England,Danny Welbeck,79,form rating wcmode_blue gold rare
Spain,Odriozola,79,form rating wcmode_blue gold rare
Spain,Paco Alcácer,79,form rating wcmode_blue gold rare
Russia,Denis Glushakov,79,form rating wcmode_blue gold rare
Argentina,Darío Benedetto,79,form rating wcmode_blue gold rare
Portugal,Eliseu,79,form rating wcmode_blue gold rare
Uruguay,Matias Vecino,79,form rating wcmode_blue gold rare
Serbia,Matija Nastasić,79,form rating wcmode_blue gold rare
Switzerland,Marwin Hitz,79,form rating wcmode_blue gold rare
France,Moussa Sissoko,79,form rating wcmode_blue gold rare
England,Jordan Pickford,79,form rating wcmode_blue gold rare
Portugal,João Cancelo,79,form rating wcmode_blue gold rare
France,Kurt Zouma,79,form rating wcmode_blue gold rare
France,Lucas Digne,79,form rating wcmode_blue gold rare
England,Phil Jagielka,79,form rating wcmode_blue gold rare
Russia,Alexandr Golovin,79,form rating wcmode_blue gold rare
England,Michael Keane,79,form rating wcmode_blue gold rare
Iran,Sardar Azmoun,79,form rating wcmode_blue gold rare
Russia,Alexey Miranchuk,79,form rating wcmode_blue gold rare
Uruguay,Matias Vecino,79,form rating wcmode_blue gold rare
England,Tom Heaton,79,form rating wcmode_blue gold rare
Mexico,Guillermo Ochoa,79,form rating wcmode_blue gold rare
Argentina,Darío Benedetto,79,form rating wcmode_blue gold rare
England,Danny Drinkwater,79,form rating wcmode_blue gold rare
Serbia,Adem Ljajić,78,form rating wcmode_blue gold rare
England,Harry Maguire,78,form rating wcmode_blue gold rare
Uruguay,Martín Campaña,78,form rating wcmode_blue gold rare
Iceland,Aron Gunnarsson,78,form rating wcmode_blue gold rare
Japan,Takashi Inui,78,form rating wcmode_blue gold rare
Argentina,Matías Kranevitter,78,form rating wcmode_blue gold rare
Colombia,Teófilo Gutiérrez,78,form rating wcmode_blue gold rare
Denmark,Thomas Delaney,78,form rating wcmode_blue gold rare
Belgium,Divock Origi,78,form rating wcmode_blue gold rare
Russia,Andrey Lunev,78,form rating wcmode_blue gold rare
Poland,Łukasz Teodorczyk,78,form rating wcmode_blue gold rare
Uruguay,Giorgian De Arrascaeta,78,form rating wcmode_blue gold rare
Argentina,Pablo Zabaleta,78,form rating wcmode_blue gold rare
Senegal,Idrissa Gueye,78,form rating wcmode_blue gold rare
Brazil,Diego de Souza Andrade,78,form rating wcmode_blue gold rare
France,Sébastien Corchia,78,form rating wcmode_blue gold rare
Germany,Max Meyer,78,form rating wcmode_blue gold rare
Japan,Keisuke Honda,78,form rating wcmode_blue gold rare
Poland,Karol Linetty,78,form rating wcmode_blue gold rare
Argentina,Guido Pizarro,78,form rating wcmode_blue gold rare
Serbia,Dušan Tadić,78,form rating wcmode_blue gold rare
Poland,Łukasz Teodorczyk,78,form rating wcmode_blue gold rare
Brazil,Weverton Pereira da Silva,78,form rating wcmode_blue gold rare
Uruguay,Martín Campaña,78,form rating wcmode_blue gold rare
Morocco,Romain Saïss,78,form rating wcmode_blue gold rare
Portugal,Beto,78,form rating wcmode_blue gold rare
Switzerland,Blerim Džemaili,78,form rating wcmode_blue gold rare
Germany,Max Meyer,78,form rating wcmode_blue gold rare
Serbia,Dušan Tadić,78,form rating wcmode_blue gold rare
Colombia,Teófilo Gutiérrez,78,form rating wcmode_blue gold rare
Poland,Karol Linetty,78,form rating wcmode_blue gold rare
Mexico,Rodolfo Pizarro,78,form rating wcmode_blue gold rare
Argentina,Pablo Zabaleta,78,form rating wcmode_blue gold rare
Brazil,Diego de Souza Andrade,78,form rating wcmode_blue gold rare
Morocco,Nordin Amrabat,78,form rating wcmode_blue gold rare
England,Theo Walcott,78,form rating wcmode_blue gold rare
Denmark,Pione Sisto,78,form rating wcmode_blue gold rare
England,James Ward-Prowse,78,form rating wcmode_blue gold rare
Japan,Takashi Inui,78,form rating wcmode_blue gold rare
Uruguay,Cristhian Stuani,78,form rating wcmode_blue gold rare
Germany,Marvin Plattenhardt,78,form rating wcmode_blue gold rare
Portugal,Gonçalo Manuel Ganchinho Guedes,78,form rating wcmode_blue gold rare
Colombia,Cristian Zapata,78,form rating wcmode_blue gold rare
Iceland,Aron Gunnarsson,78,form rating wcmode_blue gold rare
Russia,Roman Zobnin,78,form rating wcmode_blue gold rare
Belgium,Kevin Mirallas,78,form rating wcmode_blue gold rare
Colombia,Yimmi Chará,78,form rating wcmode_blue gold rare
Serbia,Adem Ljajić,78,form rating wcmode_blue gold rare
France,Yohan Cabaye,78,form rating wcmode_blue gold rare
France,Christophe Jallet,78,form rating wcmode_blue gold rare
Argentina,Nicolás Gaitán,78,form rating wcmode_blue gold rare
Colombia,David Ospina,78,form rating wcmode_blue gold rare
Tunisia,Wahbi Khazri,78,form rating wcmode_blue gold rare
France,Sébastien Corchia,78,form rating wcmode_blue gold rare
Denmark,Jannik Vestergaard,78,form rating wcmode_blue gold rare
Uruguay,Diego Laxalt,78,form rating wcmode_blue gold rare
Germany,Amin Younes,78,form rating wcmode_blue gold rare
Uruguay,Gastón Ramírez,78,form rating wcmode_blue gold rare
Peru,Cueva,78,form rating wcmode_blue gold rare
Russia,Igor Smolnikov,78,form rating wcmode_blue gold rare
Croatia,Domagoj Vida,78,form rating wcmode_blue gold rare
Colombia,Duván Zapata,78,form rating wcmode_blue gold rare
Argentina,Guido Pizarro,78,form rating wcmode_blue gold rare
Costa Rica,Celso Borges,78,form rating wcmode_blue gold rare
Mexico,Miguel Layún,78,form rating wcmode_blue gold rare
Argentina,Nahuel Guzmán,78,form rating wcmode_blue gold rare
Portugal,Antunes,78,form rating wcmode_blue gold rare
Colombia,Yerry Mina,77,form rating wcmode_blue gold rare
Argentina,Enzo Pérez,77,form rating wcmode_blue gold rare
Mexico,Talavera,77,form rating wcmode_blue gold rare
Japan,Makoto Hasebe,77,form rating wcmode_blue gold rare
Colombia,Carlos Sánchez,77,form rating wcmode_blue gold rare
Russia,Alexandr Selikhov,77,form rating wcmode_blue gold rare
Brazil,Cássio Ramos,77,form rating wcmode_blue gold rare
Senegal,Kara Mbodj,77,form rating wcmode_blue gold rare
England,Kieran Gibbs,77,form rating wcmode_blue gold rare
Peru,Renato Tapia,77,form rating wcmode_blue gold rare
Uruguay,Diego Rolán,77,form rating wcmode_blue gold rare
England,Luke Shaw,77,form rating wcmode_blue gold rare
Mexico,Elías Hernández,77,form rating wcmode_blue gold rare
Japan,Shinji Okazaki,77,form rating wcmode_blue gold rare
Mexico,Carlos Salcedo,77,form rating wcmode_blue gold rare
Argentina,Gabriel Mercado,77,form rating wcmode_blue gold rare
England,Kieran Gibbs,77,form rating wcmode_blue gold rare
Morocco,Boussoufa,77,form rating wcmode_blue gold rare
Argentina,Ramiro Funes Mori,77,form rating wcmode_blue gold rare
Switzerland,Fabian Schär,77,form rating wcmode_blue gold rare
Argentina,Emmanuel Mas,77,form rating wcmode_blue gold rare
Senegal,Cheikhou Kouyaté,77,form rating wcmode_blue gold rare
Belgium,Leander Dendoncker,77,form rating wcmode_blue gold rare
Colombia,Miguel Borja,77,form rating wcmode_blue gold rare
Mexico,Diego Reyes,77,form rating wcmode_blue gold rare
Sweden,Albin Ekdal,77,form rating wcmode_blue gold rare
Portugal,Rafa,77,form rating wcmode_blue gold rare
Uruguay,Carlos Sánchez,77,form rating wcmode_blue gold rare
France,Jordan Amavi,77,form rating wcmode_blue gold rare
Colombia,Frank Fabra,77,form rating wcmode_blue gold rare
Denmark,Kasper Dolberg,77,form rating wcmode_blue gold rare
Portugal,José Sá,77,form rating wcmode_blue gold rare
Belgium,Laurent Ciman,77,form rating wcmode_blue gold rare
Colombia,Jackson Martínez,77,form rating wcmode_blue gold rare
Mexico,José de Jesús Corona,77,form rating wcmode_blue gold rare
Iran,Alireza Jahanbakhsh,77,form rating wcmode_blue gold rare
Poland,Łukasz Skorupski,77,form rating wcmode_blue gold rare
Sweden,John Guidetti,77,form rating wcmode_blue gold rare
Nigeria,Mikel,77,form rating wcmode_blue gold rare
Iceland,Ragnar Sigurðsson,77,form rating wcmode_blue gold rare
Denmark,Lasse Schøne,77,form rating wcmode_blue gold rare
Russia,Daler Kuzyaev,77,form rating wcmode_blue gold rare
Portugal,Marafona,77,form rating wcmode_blue gold rare
Argentina,Pablo Pérez,77,form rating wcmode_blue gold rare
Portugal,José Sá,77,form rating wcmode_blue gold rare
Japan,Shinji Okazaki,77,form rating wcmode_blue gold rare
Argentina,Gabriel Mercado,77,form rating wcmode_blue gold rare
Colombia,Jackson Martínez,77,form rating wcmode_blue gold rare
Mexico,José de Jesús Corona,77,form rating wcmode_blue gold rare
Argentina,Pablo Pérez,77,form rating wcmode_blue gold rare
Sweden,John Guidetti,77,form rating wcmode_blue gold rare
Russia,Daler Kuzyaev,77,form rating wcmode_blue gold rare
Portugal,Marafona,77,form rating wcmode_blue gold rare
Iceland,Ragnar Sigurðsson,77,form rating wcmode_blue gold rare
Nigeria,Mikel,77,form rating wcmode_blue gold rare
Senegal,Papa Alioune Ndiaye,76,form rating wcmode_blue gold rare
Uruguay,Martín Cáceres,76,form rating wcmode_blue gold rare
Egypt,Mahmoud Abdel Moneim,76,form rating wcmode_blue gold rare
Colombia,Fredy Guarín,76,form rating wcmode_blue gold rare
Portugal,André André,76,form rating wcmode_blue gold rare
Costa Rica,Giancarlo González,76,form rating wcmode_blue gold rare
Peru,Pedro Gallese,76,form rating wcmode_blue gold rare
Colombia,Alexander Mejía,76,form rating wcmode_blue gold rare
Peru,Raúl Ruidíaz,76,form rating wcmode_blue gold rare
Switzerland,Denis Zakaria,76,form rating wcmode_blue gold rare
Sweden,Sam Larsson,76,form rating wcmode_blue gold rare
Serbia,Luka Milivojević,76,form rating wcmode_blue gold rare
Mexico,Paul Aguilar,76,form rating wcmode_blue gold rare
Australia,Aaron Mooy,76,form rating wcmode_blue gold rare
Senegal,Salif Sané,76,form rating wcmode_blue gold rare
Switzerland,Steven Zuber,76,form rating wcmode_blue gold rare
Egypt,Ramadan Sobhi,76,form rating wcmode_blue gold rare
Croatia,Franko Andrijašević,76,form rating wcmode_blue gold rare
Serbia,Filip Kostić,76,form rating wcmode_blue gold rare
Egypt,Mahmoud Abdel Moneim,76,form rating wcmode_blue gold rare
Brazil,Carlos Gilberto do Nascimento Silva,76,form rating wcmode_blue gold rare
Colombia,Adrián Ramos,76,form rating wcmode_blue gold rare
Senegal,Papa Alioune Ndiaye,76,form rating wcmode_blue gold rare
Mexico,Oribe Peralta,76,form rating wcmode_blue gold rare
Japan,Hiroki Sakai,76,form rating wcmode_blue gold rare
England,Andros Townsend,76,form rating wcmode_blue gold rare
Peru,Claudio Pizarro,76,form rating wcmode_blue gold rare
Serbia,Antonio Rukavina,76,form rating wcmode_blue gold rare
Russia,Georgiy Dzhikiya,76,form rating wcmode_blue gold rare
Korea Republic,Ja Cheol Koo,76,form rating wcmode_blue gold rare
Egypt,Ramadan Sobhi,76,form rating wcmode_blue gold rare
Portugal,Bruno Varela,76,form rating wcmode_blue gold rare
Switzerland,Michael Lang,76,form rating wcmode_blue gold rare
Senegal,Salif Sané,76,form rating wcmode_blue gold rare
Switzerland,Manuel Akanji,76,form rating wcmode_blue gold rare
Sweden,Ludwig Augustinsson,76,form rating wcmode_blue gold rare
Russia,Denis Cheryshev,76,form rating wcmode_blue gold rare
Mexico,Javier Aquino,76,form rating wcmode_blue gold rare
Peru,Raúl Ruidíaz,76,form rating wcmode_blue gold rare
Morocco,Zouhair Feddal,76,form rating wcmode_blue gold rare
Portugal,André André,76,form rating wcmode_blue gold rare
Costa Rica,Giancarlo González,76,form rating wcmode_blue gold rare
Poland,Michał Pazdan,76,form rating wcmode_blue gold rare
Nigeria,Ighalo,76,form rating wcmode_blue gold rare
Peru,Pedro Gallese,76,form rating wcmode_blue gold rare
Colombia,Alexander Mejía,76,form rating wcmode_blue gold rare
Denmark,Mathias Jørgensen,76,form rating wcmode_blue gold rare
Poland,Kamil Grosicki,76,form rating wcmode_blue gold rare
Switzerland,Denis Zakaria,76,form rating wcmode_blue gold rare
Sweden,Robin Olsen,76,form rating wcmode_blue gold rare
Switzerland,Admir Mehmedi,76,form rating wcmode_blue gold rare
Belgium,Christian Kabasele,76,form rating wcmode_blue gold rare
Mexico,José Juan Vázquez,76,form rating wcmode_blue gold rare
Colombia,Fredy Guarín,76,form rating wcmode_blue gold rare
Colombia,Macnelly Torres,76,form rating wcmode_blue gold rare
Egypt,Mahmoud Hassan,76,form rating wcmode_blue gold rare
Mexico,Hugo Ayala,76,form rating wcmode_blue gold rare
Australia,Aaron Mooy,76,form rating wcmode_blue gold rare
Nigeria,Alex Iwobi,76,form rating wcmode_blue gold rare
Uruguay,Rodrigo Bentancur,76,form rating wcmode_blue gold rare
Brazil,Carlos Gilberto do Nascimento Silva,76,form rating wcmode_blue gold rare
Colombia,Adrián Ramos,76,form rating wcmode_blue gold rare
Korea Republic,Sung Yueng Ki,76,form rating wcmode_blue gold rare
Switzerland,Steven Zuber,76,form rating wcmode_blue gold rare
Egypt,Mahmoud Abdel Moneim,76,form rating wcmode_blue gold rare
Mexico,Oribe Peralta,76,form rating wcmode_blue gold rare
Japan,Hiroki Sakai,76,form rating wcmode_blue gold rare
Iceland,Emil Hallfreðsson,76,form rating wcmode_blue gold rare
Senegal,Papa Alioune Ndiaye,76,form rating wcmode_blue gold rare
Peru,Claudio Pizarro,76,form rating wcmode_blue gold rare
Russia,Georgiy Dzhikiya,76,form rating wcmode_blue gold rare
Iceland,Birkir Bjarnason,76,form rating wcmode_blue gold rare
England,Andros Townsend,76,form rating wcmode_blue gold rare
Portugal,Bruno Varela,76,form rating wcmode_blue gold rare
Uruguay,Abel Hernández,75,form rating wcmode_blue gold rare
Uruguay,Cristian Rodríguez,75,form rating wcmode_blue gold rare
Portugal,Nélson Oliveira,75,form rating wcmode_blue gold rare
Switzerland,Eren Derdiyok,75,form rating wcmode_blue gold rare
Japan,Maya Yoshida,75,form rating wcmode_blue gold rare
Russia,Dmitriy Poloz,75,form rating wcmode_blue gold rare
Japan,Yuya Osako,75,form rating wcmode_blue gold rare
Egypt,Essam El Hadary,75,form rating wcmode_blue gold rare
Croatia,Ivan Strinić,75,form rating wcmode_blue gold rare
Saudi Arabia,Salman Al Faraj,75,form rating wcmode_blue gold rare
Colombia,Edwin Cardona,75,form rating wcmode_blue gold rare
Colombia,Pablo Armero,75,form rating wcmode_blue gold rare
Colombia,Wilmar Barrios,75,form rating wcmode_blue gold rare
Switzerland,Gelson Tavares Fernandes,75,form rating wcmode_blue gold rare
Switzerland,Josip Drmić,75,form rating wcmode_blue gold rare
Peru,Carlos Zambrano,75,form rating wcmode_blue gold rare
Senegal,Diafra Sakho,75,form rating wcmode_blue gold rare
Peru,Yoshimar Yotún,75,form rating wcmode_blue gold rare
Morocco,Amine Harit,75,form rating wcmode_blue gold rare
Switzerland,Silvan Widmer,75,form rating wcmode_blue gold rare
Senegal,Moussa Sow,75,form rating wcmode_blue gold rare
Switzerland,Valentin Stocker,75,form rating wcmode_blue gold rare
Sweden,Oscar Wendt,75,form rating wcmode_blue gold rare
Senegal,Youssouf Sabaly,75,form rating wcmode_blue gold rare
Morocco,Fayçal Fajr,75,form rating wcmode_blue gold rare
Germany,Benjamin Henrichs,75,form rating wcmode_blue gold rare
Belgium,Jordan Lukaku,75,form rating wcmode_blue gold rare
Peru,Paolo Hurtado,75,form rating wcmode_blue gold rare
Croatia,Lovre Kalinić,75,form rating wcmode_blue gold rare
Costa Rica,Óscar Duarte,75,form rating wcmode_blue gold rare
Japan,Hiroshi Kiyotake,75,form rating wcmode_blue gold rare
Poland,Krzysztof Mączyński,75,form rating wcmode_blue gold rare
Iran,Alireza Beiranvand,75,form rating wcmode_blue gold rare
Sweden,Jimmy Durmaz,75,form rating wcmode_blue gold rare
Russia,Alexandr Erokhin,75,form rating wcmode_blue gold rare
Japan,Yuya Osako,75,form rating wcmode_blue gold rare
Peru,Carlos Zambrano,75,form rating wcmode_blue gold rare
Croatia,Ivan Strinić,75,form rating wcmode_blue gold rare
Colombia,Éder Balanta,75,form rating wcmode_blue gold rare
Saudi Arabia,Salman Al Faraj,75,form rating wcmode_blue gold rare
Senegal,M'Baye Niang,75,form rating wcmode_blue gold rare
Colombia,Edwin Cardona,75,form rating wcmode_blue gold rare
Colombia,Pablo Armero,75,form rating wcmode_blue gold rare
Switzerland,Josip Drmić,75,form rating wcmode_blue gold rare
Egypt,Tarek Hamed,75,form rating wcmode_blue gold rare
Belgium,Dedryck Boyata,75,form rating wcmode_blue gold rare
Peru,Edison Flores,75,form rating wcmode_blue gold rare
Costa Rica,Óscar Duarte,75,form rating wcmode_blue gold rare
Japan,Hiroshi Kiyotake,75,form rating wcmode_blue gold rare
Egypt,Essam El Hadary,75,form rating wcmode_blue gold rare
Peru,Yoshimar Yotún,75,form rating wcmode_blue gold rare
Morocco,Amine Harit,75,form rating wcmode_blue gold rare
Switzerland,Gelson Tavares Fernandes,75,form rating wcmode_blue gold rare
Colombia,Wilmar Barrios,75,form rating wcmode_blue gold rare
Mexico,Orbelín Pineda,75,form rating wcmode_blue gold rare
Senegal,Diafra Sakho,75,form rating wcmode_blue gold rare
Senegal,Youssouf Sabaly,75,form rating wcmode_blue gold rare
Iran,Alireza Beiranvand,75,form rating wcmode_blue gold rare
Morocco,Fayçal Fajr,75,form rating wcmode_blue gold rare
Germany,Benjamin Henrichs,75,form rating wcmode_blue gold rare
Switzerland,Silvan Widmer,75,form rating wcmode_blue gold rare
Switzerland,Valentin Stocker,75,form rating wcmode_blue gold rare
Sweden,Oscar Wendt,75,form rating wcmode_blue gold rare
Russia,Alexandr Erokhin,75,form rating wcmode_blue gold rare
Peru,Paolo Hurtado,75,form rating wcmode_blue gold rare
Colombia,Wilmar Barrios,75,form rating wcmode_blue gold rare
Croatia,Ante Rebić,75,form rating wcmode_blue gold rare
Belgium,Jordan Lukaku,75,form rating wcmode_blue gold rare
Japan,Yuya Osako,75,form rating wcmode_blue gold rare
Peru,Yoshimar Yotún,75,form rating wcmode_blue gold rare
Morocco,Amine Harit,75,form rating wcmode_blue gold rare
Denmark,Martin Braithwaite,75,form rating wcmode_blue gold rare
Tunisia,Naïm Sliti,75,form rating wcmode_blue gold rare
Switzerland,Gelson Tavares Fernandes,75,form rating wcmode_blue gold rare
Russia,Dmitriy Tarasov,75,form rating wcmode_blue gold rare
Switzerland,Fabian Frei,75,form rating wcmode_blue gold rare
Peru,Carlos Zambrano,75,form rating wcmode_blue gold rare
Senegal,Youssouf Sabaly,75,form rating wcmode_blue gold rare
Saudi Arabia,Salman Al Faraj,75,form rating wcmode_blue gold rare
Colombia,Edwin Cardona,75,form rating wcmode_blue gold rare
Colombia,Pablo Armero,75,form rating wcmode_blue gold rare
Senegal,Ismaïla Sarr,74,form rating wcmode_blue silver rare
Croatia,Tin Jedvaj,74,form rating wcmode_blue silver rare
Denmark,Frederik Rønnow,74,form rating wcmode_blue silver rare
Russia,Fedor Kudryashov,74,form rating wcmode_blue silver rare
England,Jake Livermore,74,form rating wcmode_blue silver rare
Senegal,Mame Diouf,74,form rating wcmode_blue silver rare
Uruguay,Álvaro González,74,form rating wcmode_blue silver rare
Senegal,Cheikh N'Doye,74,form rating wcmode_blue silver rare
Morocco,Khalid Boutaïb,74,form rating wcmode_blue silver rare
Morocco,Mehdi Carcela-González,74,form rating wcmode_blue silver rare
Sweden,Karl-Johan Johnsson,74,form rating wcmode_blue silver rare
Switzerland,François Moubandje,74,form rating wcmode_blue silver rare
Senegal,Lamine Sané,74,form rating wcmode_blue silver rare
Iceland,Hannes Þór Halldórsson,74,form rating wcmode_blue silver rare
Senegal,Moussa Konaté,74,form rating wcmode_blue silver rare
Denmark,Mike Jensen,74,form rating wcmode_blue silver rare
Iceland,Birkir Már Sævarsson,74,form rating wcmode_blue silver rare
England,Jake Livermore,74,form rating wcmode_blue silver rare
Serbia,Vladimir Stojkovi?,74,form rating wcmode_blue silver rare
Morocco,Abdelaziz Barrada,74,form rating wcmode_blue silver rare
Uruguay,Federico Valverde,74,form rating wcmode_blue silver rare
Uruguay,Martín Silva,74,form rating wcmode_blue silver rare
Tunisia,Taha Khenissi,74,form rating wcmode_blue silver rare
Iceland,Hannes Þór Halldórsson,74,form rating wcmode_blue silver rare
Saudi Arabia,Taiseer Al Jassam,74,form rating wcmode_blue silver rare
Sweden,Mikael Lustig,74,form rating wcmode_blue silver rare
Uruguay,Gastón Silva,74,form rating wcmode_blue silver rare
Peru,Christian Ramos,74,form rating wcmode_blue silver rare
Morocco,Sofyan Amrabat,74,form rating wcmode_blue silver rare
Nigeria,William Troost-Ekong,74,form rating wcmode_blue silver rare
Mexico,Alejandro Palacios,74,form rating wcmode_blue silver rare
Russia,Vladimir Gabulov,74,form rating wcmode_blue silver rare
Iran,Montazeri,74,form rating wcmode_blue silver rare
Sweden,Karl-Johan Johnsson,74,form rating wcmode_blue silver rare
Morocco,Mehdi Carcela-González,74,form rating wcmode_blue silver rare
Belgium,Nicolas Lombaerts,74,form rating wcmode_blue silver rare
Senegal,Mame Diouf,74,form rating wcmode_blue silver rare
Iran,Karim Ansarifard,74,form rating wcmode_blue silver rare
Japan,Yuya Kubo,74,form rating wcmode_blue silver rare
Serbia,Mijat Gaćinović,74,form rating wcmode_blue silver rare
Denmark,Lukas Lerager,74,form rating wcmode_blue silver rare
Senegal,Lamine Sané,74,form rating wcmode_blue silver rare
Uruguay,Emiliano Velázquez,74,form rating wcmode_blue silver rare
Sweden,Gustav Svensson,74,form rating wcmode_blue silver rare
Senegal,Alfred N'Diaye,74,form rating wcmode_blue silver rare
Peru,Aldo Corzo,74,form rating wcmode_blue silver rare
Uruguay,Álvaro González,74,form rating wcmode_blue silver rare
Serbia,Aleksandar Prijović,74,form rating wcmode_blue silver rare
Portugal,Eduardo,74,form rating wcmode_blue silver rare
Morocco,Omar El Kaddouri,74,form rating wcmode_blue silver rare
Senegal,Ismaïla Sarr,74,form rating wcmode_blue silver rare
Nigeria,Ahmed Musa,74,form rating wcmode_blue silver rare
Russia,Andrey Semenov,74,form rating wcmode_blue silver rare
Croatia,Duje Čop,74,form rating wcmode_blue silver rare
Russia,Konstantin Rausch,74,form rating wcmode_blue silver rare
Senegal,Cheikh N'Doye,74,form rating wcmode_blue silver rare
Morocco,Khalid Boutaïb,74,form rating wcmode_blue silver rare
Egypt,Abdallah El-Said,74,form rating wcmode_blue silver rare
Serbia,Aleksandar Katai,74,form rating wcmode_blue silver rare
Morocco,Nabil Dirar,74,form rating wcmode_blue silver rare
Iceland,Sigurðarson,74,form rating wcmode_blue silver rare
Poland,Artur Jędrzejczyk,74,form rating wcmode_blue silver rare
Serbia,Ivan Obradović,74,form rating wcmode_blue silver rare
Russia,Fedor Kudryashov,74,form rating wcmode_blue silver rare
Iceland,Hörður Magnússon,74,form rating wcmode_blue silver rare
Costa Rica,Kendall Waston,74,form rating wcmode_blue silver rare
Russia,Dmitriy Kombarov,74,form rating wcmode_blue silver rare
Peru,Carlos Cáceda,74,form rating wcmode_blue silver rare
Uruguay,Guillermo Varela,74,form rating wcmode_blue silver rare
Egypt,Mohamed Abdul Shafy,74,form rating wcmode_blue silver rare
Nigeria,Ogenyi Onazi,74,form rating wcmode_blue silver rare
Serbia,Marko Dmitrović,74,form rating wcmode_blue silver rare
Serbia,Miloš Veljković,74,form rating wcmode_blue silver rare
Russia,Roman Neustädter,74,form rating wcmode_blue silver rare
Nigeria,Henry Onyekuru,74,form rating wcmode_blue silver rare
Denmark,Yussuf Poulsen,74,form rating wcmode_blue silver rare
Denmark,Frederik Rønnow,74,form rating wcmode_blue silver rare
Denmark,Nicklas Bendtner,74,form rating wcmode_blue silver rare
Japan,Gōtoku Sakai,74,form rating wcmode_blue silver rare
Argentina,Fabricio Bustos,74,form rating wcmode_blue silver rare
Nigeria,Moses Simon,74,form rating wcmode_blue silver rare
Switzerland,François Moubandje,74,form rating wcmode_blue silver rare
Japan,Genki Haraguchi,74,form rating wcmode_blue silver rare
Egypt,Saleh Gomaa,74,form rating wcmode_blue silver rare
Iceland,Sverrir Ingi Ingason,74,form rating wcmode_blue silver rare
Serbia,Uroš Spajić,74,form rating wcmode_blue silver rare
Serbia,Lazar Marković,74,form rating wcmode_blue silver rare
Denmark,Andreas Cornelius,74,form rating wcmode_blue silver rare
Nigeria,Leon Balogun,74,form rating wcmode_blue silver rare
Mexico,Rodolfo Cota,74,form rating wcmode_blue silver rare
Mexico,César Montes,74,form rating wcmode_blue silver rare
Saudi Arabia,Osama Hawsawi,74,form rating wcmode_blue silver rare
Australia,Tom Rogic,74,form rating wcmode_blue silver rare
Mexico,Luis Reyes,73,form rating wcmode_blue silver rare
Uruguay,Gastón Guruceaga,73,form rating wcmode_blue silver rare
Serbia,Uroš Đurđević,73,form rating wcmode_blue silver rare
Poland,Bartosz Bereszyński,73,form rating wcmode_blue silver rare
Panama,Román Torres,73,form rating wcmode_blue silver rare
Iran,Kaveh Rezaei,73,form rating wcmode_blue silver rare
Australia,Aziz Behich,73,form rating wcmode_blue silver rare
Senegal,Henri Saivet,73,form rating wcmode_blue silver rare
Tunisia,Ammar Jemal,73,form rating wcmode_blue silver rare
Serbia,Nikola Stojiljkovi?,73,form rating wcmode_blue silver rare
Sweden,Filip Helander,73,form rating wcmode_blue silver rare
Sweden,Viktor Claesson,73,form rating wcmode_blue silver rare
Switzerland,Timm Klose,73,form rating wcmode_blue silver rare
Japan,Gen Shoji,73,form rating wcmode_blue silver rare
Switzerland,Mario Gavranovi?,73,form rating wcmode_blue silver rare
Nigeria,Peter Etebo,73,form rating wcmode_blue silver rare
Denmark,Riza Durmisi,73,form rating wcmode_blue silver rare
Denmark,Rasmus Falk Jensen,73,form rating wcmode_blue silver rare
Saudi Arabia,Yahia Sulaiman Al Shehri,73,form rating wcmode_blue silver rare
Australia,Mathew Leckie,73,form rating wcmode_blue silver rare
Sweden,Niklas Hult,73,form rating wcmode_blue silver rare
Morocco,Oussama Tannane,73,form rating wcmode_blue silver rare
Tunisia,Aymen Mathlouthi,73,form rating wcmode_blue silver rare
Russia,Ilya Kutepov,73,form rating wcmode_blue silver rare
Mexico,Luis Reyes,73,form rating wcmode_blue silver rare
Uruguay,Gastón Guruceaga,73,form rating wcmode_blue silver rare
Poland,Bartosz Bereszyński,73,form rating wcmode_blue silver rare
Panama,Román Torres,73,form rating wcmode_blue silver rare
Sweden,Sebastian Larsson,73,form rating wcmode_blue silver rare
Iran,Kaveh Rezaei,73,form rating wcmode_blue silver rare
Australia,Aziz Behich,73,form rating wcmode_blue silver rare
Serbia,Uroš Đurđević,73,form rating wcmode_blue silver rare
Tunisia,Ammar Jemal,73,form rating wcmode_blue silver rare
Serbia,Nikola Stojiljkovi?,73,form rating wcmode_blue silver rare
Sweden,Filip Helander,73,form rating wcmode_blue silver rare
Uruguay,Egidio Arévalo Ríos,73,form rating wcmode_blue silver rare
Sweden,Kristoffer Nordfeldt,73,form rating wcmode_blue silver rare
Saudi Arabia,Omar Ibrahim Othman,73,form rating wcmode_blue silver rare
Sweden,Oscar Hiljemark,73,form rating wcmode_blue silver rare
Poland,Igor Lewczuk,73,form rating wcmode_blue silver rare
Panama,Aníbal Godoy,73,form rating wcmode_blue silver rare
Mexico,Luis Reyes,73,form rating wcmode_blue silver rare
Uruguay,Gastón Guruceaga,73,form rating wcmode_blue silver rare
Australia,Aziz Behich,73,form rating wcmode_blue silver rare
Serbia,Uroš Đurđević,73,form rating wcmode_blue silver rare
Poland,Bartosz Bereszyński,73,form rating wcmode_blue silver rare
Panama,Román Torres,73,form rating wcmode_blue silver rare
Iran,Kaveh Rezaei,73,form rating wcmode_blue silver rare
Sweden,Kristoffer Nordfeldt,73,form rating wcmode_blue silver rare
Tunisia,Ammar Jemal,73,form rating wcmode_blue silver rare
Serbia,Nikola Stojiljkovi?,73,form rating wcmode_blue silver rare
Sweden,Filip Helander,73,form rating wcmode_blue silver rare
Uruguay,Egidio Arévalo Ríos,73,form rating wcmode_blue silver rare
Poland,Igor Lewczuk,73,form rating wcmode_blue silver rare
Saudi Arabia,Omar Ibrahim Othman,73,form rating wcmode_blue silver rare
Sweden,Oscar Hiljemark,73,form rating wcmode_blue silver rare
Iran,Ramin Rezaeian,73,form rating wcmode_blue silver rare
Panama,Aníbal Godoy,73,form rating wcmode_blue silver rare
Korea Republic,Min Woo Kim,73,form rating wcmode_blue silver rare
Saudi Arabia,Yasser Al Shahrani,73,form rating wcmode_blue silver rare
Morocco,Achraf Hakimi,73,form rating wcmode_blue silver rare
Serbia,Slobodan Rajković,73,form rating wcmode_blue silver rare
Mexico,Luis Fuentes,73,form rating wcmode_blue silver rare
Mexico,Edson Álvarez,73,form rating wcmode_blue silver rare
Croatia,Ante ?ori?,73,form rating wcmode_blue silver rare
Colombia,Orlando Berrio,73,form rating wcmode_blue silver rare
Iceland,Viðar Örn Kjartansson,73,form rating wcmode_blue silver rare
Switzerland,Léo Lacroix,73,form rating wcmode_blue silver rare
Sweden,Sebastian Larsson,73,form rating wcmode_blue silver rare
Saudi Arabia,Abdulmalek Al Khaibari,72,form rating wcmode_blue silver rare
Belgium,Timmy Simons,72,form rating wcmode_blue silver rare
Switzerland,Edimilson Fernandes,72,form rating wcmode_blue silver rare
Poland,Paweł Wszołek,72,form rating wcmode_blue silver rare
Poland,Maciej Makuszewski,72,form rating wcmode_blue silver rare
Morocco,Manuel da Costa,72,form rating wcmode_blue silver rare
Tunisia,Ghaylène Chaalali,72,form rating wcmode_blue silver rare
Morocco,Fouad Chafik,72,form rating wcmode_blue silver rare
Sweden,Alexander Fransson,72,form rating wcmode_blue silver rare
Tunisia,Hamdi Harbaoui,72,form rating wcmode_blue silver rare
Nigeria,Uche Agbo,72,form rating wcmode_blue silver rare
Russia,Anton Miranchuk,72,form rating wcmode_blue silver rare
Australia,Massimo Luongo,72,form rating wcmode_blue silver rare
Costa Rica,Bryan Oviedo,72,form rating wcmode_blue silver rare
Iran,Ehsan Haji Safi,72,form rating wcmode_blue silver rare
Saudi Arabia,Abdulmalek Al Khaibari,72,form rating wcmode_blue silver rare
Nigeria,Kenneth Omeruo,72,form rating wcmode_blue silver rare
Poland,Tomasz K?dziora,72,form rating wcmode_blue silver rare
Poland,Przemysław Tytoń,72,form rating wcmode_blue silver rare
Morocco,Youssef El Arabi,72,form rating wcmode_blue silver rare
Nigeria,Chidozie Awaziem,72,form rating wcmode_blue silver rare
Japan,Masaaki Higashiguchi,72,form rating wcmode_blue silver rare
Japan,Yuto Nagatomo,72,form rating wcmode_blue silver rare
Colombia,Stefan Medina,72,form rating wcmode_blue silver rare
Tunisia,Mohamed Amine Ben Amor,72,form rating wcmode_blue silver rare
Peru,Andy Polo,72,form rating wcmode_blue silver rare
Russia,Anton Shvets,72,form rating wcmode_blue silver rare
Russia,Magomed Ozdoev,72,form rating wcmode_blue silver rare
Panama,Adolfo Machado,72,form rating wcmode_blue silver rare
Australia,Robbie Kruse,72,form rating wcmode_blue silver rare
Morocco,Aziz Bouhaddouz,72,form rating wcmode_blue silver rare
Korea Republic,Min Jae Kim,72,form rating wcmode_blue silver rare
Panama,Gabriel Gómez,72,form rating wcmode_blue silver rare
Japan,Kenyu Sugimoto,72,form rating wcmode_blue silver rare
Peru,Carlos Ascues,72,form rating wcmode_blue silver rare
Morocco,Munir Mohand Mohamedi,72,form rating wcmode_blue silver rare
Denmark,Peter Ankersen,72,form rating wcmode_blue silver rare
Senegal,Mohamed Diamé,72,form rating wcmode_blue silver rare
Poland,Przemysław Tytoń,72,form rating wcmode_blue silver rare
Japan,Tsukasa Shiotani,72,form rating wcmode_blue silver rare
Korea Republic,Jin Su Kim,72,form rating wcmode_blue silver rare
Sweden,Oscar Lewicki,72,form rating wcmode_blue silver rare
Australia,Mark Milligan,72,form rating wcmode_blue silver rare
Uruguay,Jonathan Rodríguez,72,form rating wcmode_blue silver rare
Sweden,Christoffer Nyman,72,form rating wcmode_blue silver rare
Japan,Manabu Saito,72,form rating wcmode_blue silver rare
Morocco,Yacine Bammou,72,form rating wcmode_blue silver rare
Australia,Mile Jedinák,72,form rating wcmode_blue silver rare
Russia,Vladimir Granat,72,form rating wcmode_blue silver rare
Egypt,Samir Saad,72,form rating wcmode_blue silver rare
Belgium,Timmy Simons,72,form rating wcmode_blue silver rare
Iran,Andranik Teymourian,72,form rating wcmode_blue silver rare
Uruguay,Guzmán Pereira,72,form rating wcmode_blue silver rare
Morocco,Achraf Lazaar,72,form rating wcmode_blue silver rare
Mexico,Jesús Gallardo,72,form rating wcmode_blue silver rare
Poland,Bartosz Kapustka,72,form rating wcmode_blue silver rare
Iran,Jalal Hosseini,72,form rating wcmode_blue silver rare
Japan,Eiji Kawashima,72,form rating wcmode_blue silver rare
Nigeria,John Ogu,72,form rating wcmode_blue silver rare
Switzerland,Edimilson Fernandes,72,form rating wcmode_blue silver rare
Russia,Anton Miranchuk,72,form rating wcmode_blue silver rare
Poland,Paweł Wszołek,72,form rating wcmode_blue silver rare
Egypt,Samir Saad,72,form rating wcmode_blue silver rare
Poland,Paweł Wszołek,72,form rating wcmode_blue silver rare
Poland,Maciej Makuszewski,72,form rating wcmode_blue silver rare
Morocco,Manuel da Costa,72,form rating wcmode_blue silver rare
Uruguay,Guzmán Pereira,72,form rating wcmode_blue silver rare
Morocco,Achraf Lazaar,72,form rating wcmode_blue silver rare
Tunisia,Hamdi Harbaoui,72,form rating wcmode_blue silver rare
Serbia,Nemanja Maksimović,71,form rating wcmode_blue silver rare
Colombia,Roger Martínez,71,form rating wcmode_blue silver rare
Costa Rica,Randall Azofeifa,71,form rating wcmode_blue silver rare
Korea Republic,Dong Joon Kim,71,form rating wcmode_blue silver rare
Korea Republic,Seung Dae Kim,71,form rating wcmode_blue silver rare
Saudi Arabia,Mohammed Al Sahlawi,71,form rating wcmode_blue silver rare
Japan,Takuma Asano,71,form rating wcmode_blue silver rare
Poland,Tomasz Jodłowiec,71,form rating wcmode_blue silver rare
Denmark,Jonas Knudsen,71,form rating wcmode_blue silver rare
Iceland,Rúrik Gíslason,71,form rating wcmode_blue silver rare
Sweden,Marcus Rohdén,71,form rating wcmode_blue silver rare
Croatia,Duje Ćaleta-Car,71,form rating wcmode_blue silver rare
Costa Rica,Ronald Matarrita,71,form rating wcmode_blue silver rare
Iceland,Arnór Ingvi Traustason,71,form rating wcmode_blue silver rare
Denmark,Henrik Dalsgaard,71,form rating wcmode_blue silver rare
Korea Republic,Chang Hoon Kwon,71,form rating wcmode_blue silver rare
Peru,Yordy Reyna,71,form rating wcmode_blue silver rare
Uruguay,Esteban Conde,71,form rating wcmode_blue silver rare
Sweden,Isaac Kiese Thelin,71,form rating wcmode_blue silver rare
Korea Republic,Shin Wook Kim,71,form rating wcmode_blue silver rare
Sweden,Samuel Armenteros,71,form rating wcmode_blue silver rare
Korea Republic,Young Gwon Kim,71,form rating wcmode_blue silver rare
Tunisia,Anice Badri,71,form rating wcmode_blue silver rare
Korea Republic,Young Gwon Kim,71,form rating wcmode_blue silver rare
Nigeria,Elderson Echiéjilé,71,form rating wcmode_blue silver rare
Tunisia,Anice Badri,71,form rating wcmode_blue silver rare
Poland,Thiago Rangel Cionek,71,form rating wcmode_blue silver rare
Croatia,Matej Mitrović,71,form rating wcmode_blue silver rare
Denmark,Jonas Knudsen,71,form rating wcmode_blue silver rare
Poland,Tomasz Jodłowiec,71,form rating wcmode_blue silver rare
Sweden,Marcus Rohdén,71,form rating wcmode_blue silver rare
Costa Rica,Ronald Matarrita,71,form rating wcmode_blue silver rare
Uruguay,Esteban Conde,71,form rating wcmode_blue silver rare
Croatia,Marin Leovac,71,form rating wcmode_blue silver rare
Sweden,Isaac Kiese Thelin,71,form rating wcmode_blue silver rare
Korea Republic,Shin Wook Kim,71,form rating wcmode_blue silver rare
Iceland,Rúrik Gíslason,71,form rating wcmode_blue silver rare
Korea Republic,Seung Gyu Kim,71,form rating wcmode_blue silver rare
Japan,Yosuke Kashiwagi,71,form rating wcmode_blue silver rare
Korea Republic,Young Sun Yun,71,form rating wcmode_blue silver rare
Senegal,Opa Nguette,71,form rating wcmode_blue silver rare
Denmark,Marcus Ingvartsen,71,form rating wcmode_blue silver rare
Costa Rica,David Guzman,71,form rating wcmode_blue silver rare
Iran,Morteza Pouraliganji,71,form rating wcmode_blue silver rare
Egypt,Omar Gaber,71,form rating wcmode_blue silver rare
Saudi Arabia,Yasser Al Mosailem,71,form rating wcmode_blue silver rare
Mexico,Oswaldo Alanís,71,form rating wcmode_blue silver rare
Korea Republic,Dong Won Ji,71,form rating wcmode_blue silver rare
Colombia,Helibelton Palacios,71,form rating wcmode_blue silver rare
Croatia,Antonio Milić,71,form rating wcmode_blue silver rare
Egypt,Moamen Zakaria,70,form rating wcmode_blue silver rare
Belgium,Sébastien Pocognoli,70,form rating wcmode_blue silver rare
Poland,Mariusz Stępiński,70,form rating wcmode_blue silver rare
Belgium,Sébastien Pocognoli,70,form rating wcmode_blue silver rare
Panama,Quintero,70,form rating wcmode_blue silver rare
Tunisia,Ahmed Akaichi,70,form rating wcmode_blue silver rare
Serbia,Filip Mladenović,70,form rating wcmode_blue silver rare
Japan,Hotaru Yamaguchi,70,form rating wcmode_blue silver rare
Morocco,Adnane Tighadouini,70,form rating wcmode_blue silver rare
Saudi Arabia,Salman Muwashar,70,form rating wcmode_blue silver rare
Tunisia,Ali Maâloul,70,form rating wcmode_blue silver rare
Tunisia,Yassine Meriah,70,form rating wcmode_blue silver rare
Poland,Mariusz Stępiński,70,form rating wcmode_blue silver rare
Sweden,Ken Sema,70,form rating wcmode_blue silver rare
Japan,Naomichi Ueda,70,form rating wcmode_blue silver rare
Japan,Shusaku Nishikawa,70,form rating wcmode_blue silver rare
Saudi Arabia,Salem Al Dawsari,70,form rating wcmode_blue silver rare
Morocco,Jawad El Jamiq,70,form rating wcmode_blue silver rare
Egypt,Amr Gamal,70,form rating wcmode_blue silver rare
Tunisia,Rami Bedoui,70,form rating wcmode_blue silver rare
Morocco,Yassine Bounou,70,form rating wcmode_blue silver rare
Egypt,Moamen Zakaria,70,form rating wcmode_blue silver rare
Nigeria,Carl Ikeme,70,form rating wcmode_blue silver rare
Mexico,Moisés Muñoz,70,form rating wcmode_blue silver rare
Senegal,Abdoulaye Diallo,70,form rating wcmode_blue silver rare
Australia,James Troisi,70,form rating wcmode_blue silver rare
Poland,Sławomir Peszko,70,form rating wcmode_blue silver rare
Saudi Arabia,Motaz Hawsawi,70,form rating wcmode_blue silver rare
Australia,Jackson Irvine,70,form rating wcmode_blue silver rare
Saudi Arabia,Mohammed Khalil Al Owais,70,form rating wcmode_blue silver rare
Serbia,Saša Lukić,70,form rating wcmode_blue silver rare
Australia,Mitchell Langerak,70,form rating wcmode_blue silver rare
Australia,Bailey Wright,70,form rating wcmode_blue silver rare
Australia,James Troisi,70,form rating wcmode_blue silver rare
Nigeria,Carl Ikeme,70,form rating wcmode_blue silver rare
Morocco,Rachid Alioui,70,form rating wcmode_blue silver rare
Saudi Arabia,Abdullah Ateef,70,form rating wcmode_blue silver rare
Australia,Mitchell Langerak,70,form rating wcmode_blue silver rare
Morocco,Youssef En-Nesyri,70,form rating wcmode_blue silver rare
Japan,Wataru Endo,69,form rating wcmode_blue silver rare
Japan,Tomoaki Makino,69,form rating wcmode_blue silver rare
Colombia,Robinson Zapata,69,form rating wcmode_blue silver rare
Denmark,Nicolaj Thomsen,69,form rating wcmode_blue silver rare
Saudi Arabia,Mansour Al Harbi,69,form rating wcmode_blue silver rare
Panama,Baloy,69,form rating wcmode_blue silver rare
Egypt,Sam Morsy,69,form rating wcmode_blue silver rare
Tunisia,Zied Boughattas,69,form rating wcmode_blue silver rare
Morocco,Issam El Adoua,69,form rating wcmode_blue silver rare
Sweden,Patrik Carlgren,69,form rating wcmode_blue silver rare
Australia,Alex Wilkinson,69,form rating wcmode_blue silver rare
Australia,James Meredith,69,form rating wcmode_blue silver rare
Iceland,Hólmar Örn Eyjólfsson,69,form rating wcmode_blue silver rare
Panama,Gabriel Torres,69,form rating wcmode_blue silver rare
Korea Republic,Keun Ho Lee,69,form rating wcmode_blue silver rare
Australia,Jamie Maclaren,69,form rating wcmode_blue silver rare
Japan,Mike Havenaar,69,form rating wcmode_blue silver rare
Mexico,Luis Montes,69,form rating wcmode_blue silver rare
Belgium,Luis Pedro Cavanda,69,form rating wcmode_blue silver rare
Korea Republic,Dong Gook Lee,69,form rating wcmode_blue silver rare
Peru,Cristian Benavente,69,form rating wcmode_blue silver rare
Australia,Danny Vukovic,69,form rating wcmode_blue silver rare
Japan,Kosuke Nakamura,69,form rating wcmode_blue silver rare
Australia,Tomi Jurić,69,form rating wcmode_blue silver rare
Peru,Cristian Benavente,69,form rating wcmode_blue silver rare
Sweden,Johan Larsson,69,form rating wcmode_blue silver rare
Morocco,Issam El Adoua,69,form rating wcmode_blue silver rare
Iceland,Hólmar Örn Eyjólfsson,69,form rating wcmode_blue silver rare
Australia,Miloš Degenek,69,form rating wcmode_blue silver rare
Korea Republic,Hyun Woo Cho,69,form rating wcmode_blue silver rare
Australia,Josh Risdon,69,form rating wcmode_blue silver rare
Croatia,Ivan Vargić,69,form rating wcmode_blue silver rare
Egypt,Hossam Ghaly,69,form rating wcmode_blue silver rare
Japan,Ryota Oshima,69,form rating wcmode_blue silver rare
Peru,Miguel Araujo,69,form rating wcmode_blue silver rare
Costa Rica,Marco Ureña,69,form rating wcmode_blue silver rare
Japan,Shu Kurata,69,form rating wcmode_blue silver rare
Senegal,Zargo Touré,69,form rating wcmode_blue silver rare
Iran,Mehdi Torabi,69,form rating wcmode_blue silver rare
Egypt,Karim Hafez,69,form rating wcmode_blue silver rare
Poland,Filip Starzyński,69,form rating wcmode_blue silver rare
Saudi Arabia,Mohammed Al Buraik,69,form rating wcmode_blue silver rare
Senegal,Adama Mbengue,69,form rating wcmode_blue silver rare
Senegal,Khadim N'Diaye,69,form rating wcmode_blue silver rare
Denmark,Nicolaj Thomsen,69,form rating wcmode_blue silver rare
Nigeria,Efe Ambrose,69,form rating wcmode_blue silver rare
Tunisia,Ferjani Sassi,69,form rating wcmode_blue silver rare
Saudi Arabia,Abdullah Al Mayoof,69,form rating wcmode_blue silver rare
Sweden,Linus Wahlqvist,69,form rating wcmode_blue silver rare
Panama,Baloy,69,form rating wcmode_blue silver rare
Colombia,Robinson Zapata,69,form rating wcmode_blue silver rare
Sweden,Emir Kujović,69,form rating wcmode_blue silver rare
Peru,Írven Ávila,69,form rating wcmode_blue silver rare
Nigeria,Tyronne Ebuehi,69,form rating wcmode_blue silver rare
Egypt,Hossam Ashour,68,form rating wcmode_blue silver rare
Costa Rica,Johan Venegas,68,form rating wcmode_blue silver rare
Saudi Arabia,Hassan Muath Fallatah,68,form rating wcmode_blue silver rare
Tunisia,Hamza Lahmar,68,form rating wcmode_blue silver rare
Croatia,Josip Pivari?,68,form rating wcmode_blue silver rare
Egypt,Sabry Raheel,68,form rating wcmode_blue silver rare
Korea Republic,Chul Soon Choi,68,form rating wcmode_blue silver rare
Peru,José Carvallo,68,form rating wcmode_blue silver rare
Switzerland,Shani Tarashaj,68,form rating wcmode_blue silver rare
Panama,Jaime Penedo,68,form rating wcmode_blue silver rare
Saudi Arabia,Abdul Fatah Aseri,68,form rating wcmode_blue silver rare
Egypt,Ayman Ashraf,68,form rating wcmode_blue silver rare
Poland,Paweł Dawidowicz,68,form rating wcmode_blue silver rare
Iran,Vorya Ghafouri,68,form rating wcmode_blue silver rare
Korea Republic,Hee Chan Hwang,68,form rating wcmode_blue silver rare
Australia,Apostolos Giannou,68,form rating wcmode_blue silver rare
Nigeria,Francis Uzoho,68,form rating wcmode_blue silver rare
Nigeria,Godfrey Oboabona,68,form rating wcmode_blue silver rare
Panama,Édgar Bárcenas,68,form rating wcmode_blue silver rare
Peru,Renzo Revoredo,68,form rating wcmode_blue silver rare
Tunisia,Farouk Ben Mustapha,68,form rating wcmode_blue silver rare
Australia,Ryan McGowan,68,form rating wcmode_blue silver rare
Peru,Jair Céspedes,68,form rating wcmode_blue silver rare
Nigeria,Ikechukwu Ezenwa,68,form rating wcmode_blue silver rare
Korea Republic,Yo Han Go,68,form rating wcmode_blue silver rare
Korea Republic,Jin Hyeon Kim,68,form rating wcmode_blue silver rare
Panama,Pérez,68,form rating wcmode_blue silver rare
Costa Rica,Yeltsin Tejeda,68,form rating wcmode_blue silver rare
Panama,Michael Murillo,68,form rating wcmode_blue silver rare
Iceland,Jón Guðni Fjóluson,68,form rating wcmode_blue silver rare
Peru,Josepmir Ballón,68,form rating wcmode_blue silver rare
Senegal,Moussa Wagué,68,form rating wcmode_blue silver rare
Egypt,Ibrahim Salah,68,form rating wcmode_blue silver rare
Costa Rica,Johan Venegas,68,form rating wcmode_blue silver rare
Saudi Arabia,Hassan Muath Fallatah,68,form rating wcmode_blue silver rare
Poland,Jan Bednarek,68,form rating wcmode_blue silver rare
Iceland,Rúnar Már Sigurjónsson,68,form rating wcmode_blue silver rare
Korea Republic,Chul Soon Choi,68,form rating wcmode_blue silver rare
Tunisia,Hamza Mathlouthi,68,form rating wcmode_blue silver rare
Iceland,Hjörtur Hermannsson,68,form rating wcmode_blue silver rare
Tunisia,Larry Azouni,67,form rating wcmode_blue silver rare
Iceland,Arnór Smárason,67,form rating wcmode_blue silver rare
Australia,Ivan Franjić,67,form rating wcmode_blue silver rare
Japan,Yasuyuki Konno,67,form rating wcmode_blue silver rare
Croatia,Nikola Vlaši?,67,form rating wcmode_blue silver rare
Senegal,Pape Seydou Ndiaye,67,form rating wcmode_blue silver rare
Saudi Arabia,Mukhtar Omar Fallatah,67,form rating wcmode_blue silver rare
Tunisia,Khalil Chemmam,67,form rating wcmode_blue silver rare
Iceland,Aron Sigurðarson,67,form rating wcmode_blue silver rare
Iceland,Elmar Bjarnason,67,form rating wcmode_blue silver rare
Panama,Valentín Pimentel,67,form rating wcmode_blue silver rare
Egypt,Mostafa Fathi,67,form rating wcmode_blue silver rare
Croatia,Domagoj Antoli?,67,form rating wcmode_blue silver rare
Saudi Arabia,Abdullah Al Zori,67,form rating wcmode_blue silver rare
Panama,Ricardo Buitrago,67,form rating wcmode_blue silver rare
Switzerland,Ulisses Garcia,67,form rating wcmode_blue silver rare
Panama,Jan Carlos Vargas,67,form rating wcmode_blue silver rare
Tunisia,Rami Jeridi,67,form rating wcmode_blue silver rare
Sweden,Andreas Linde,67,form rating wcmode_blue silver rare
Panama,Luis Tejada,67,form rating wcmode_blue silver rare
Switzerland,Ulisses Garcia,67,form rating wcmode_blue silver rare
Panama,Jan Carlos Vargas,67,form rating wcmode_blue silver rare
Tunisia,Rami Jeridi,67,form rating wcmode_blue silver rare
Sweden,Andreas Linde,67,form rating wcmode_blue silver rare
Saudi Arabia,Abdullah Al Zori,67,form rating wcmode_blue silver rare
Australia,Nikita Rukavytsya,66,form rating wcmode_blue silver rare
Korea Republic,Yong Lee,66,form rating wcmode_blue silver rare
Egypt,Islam Gamal,66,form rating wcmode_blue silver rare
Panama,Fidel Escobar,66,form rating wcmode_blue silver rare
Costa Rica,Patrick Pemberton,66,form rating wcmode_blue silver rare
Tunisia,Fakhereedine Ben Youssef,66,form rating wcmode_blue silver rare
Iceland,Rúnar Rúnarsson,66,form rating wcmode_blue silver rare
Costa Rica,Esteban Alvarado,66,form rating wcmode_blue silver rare
Panama,Ismael Díaz,66,form rating wcmode_blue silver rare
Costa Rica,Ulises Segura,66,form rating wcmode_blue silver rare
Panama,Roberto Chen,66,form rating wcmode_blue silver rare
Serbia,Nemanja Milunovi?,66,form rating wcmode_blue silver rare
Iceland,Ögmundur Kristinsson,66,form rating wcmode_blue silver rare
Peru,Luis Abram,66,form rating wcmode_blue silver rare
Peru,Diego Penny,66,form rating wcmode_blue silver rare
Panama,Harold Cummings,66,form rating wcmode_blue silver rare
Iceland,Kjartan Finnbogason,66,form rating wcmode_blue silver rare
Peru,Joel Sánchez,66,form rating wcmode_blue silver rare
Korea Republic,Kook Young Han,66,form rating wcmode_blue silver rare
Australia,Mark Birighitti,66,form rating wcmode_blue silver rare
Panama,Abdiel Arroyo,66,form rating wcmode_blue silver rare
Peru,Sergio Peña,65,form rating wcmode_blue silver rare
Iceland,Haukur Heiðar Hauksson,65,form rating wcmode_blue silver rare
Australia,Tarek Elrich,65,form rating wcmode_blue silver rare
Korea Republic,Jeong Ho Hong,65,form rating wcmode_blue silver rare
Nigeria,Kingsley Madu,65,form rating wcmode_blue silver rare
Nigeria,Musa Muhammed,65,form rating wcmode_blue silver rare
Nigeria,Daniel Akpeyi,65,form rating wcmode_blue silver rare
Iceland,Aron Elís Þrándarson,65,form rating wcmode_blue silver rare
Costa Rica,Júnior Díaz,65,form rating wcmode_blue silver rare
Iran,Ali Karimi,65,form rating wcmode_blue silver rare
Peru,Nilson Loyola,65,form rating wcmode_blue silver rare
Iceland,Óttar Magnús Karlsson,65,form rating wcmode_blue silver rare
Croatia,Borna Bariši?,65,form rating wcmode_blue silver rare
Peru,Sergio Peña,65,form rating wcmode_blue silver rare
Iceland,Haukur Heiðar Hauksson,65,form rating wcmode_blue silver rare
Australia,Tarek Elrich,65,form rating wcmode_blue silver rare
Korea Republic,Jeong Ho Hong,65,form rating wcmode_blue silver rare
Costa Rica,José Guillermo Ortiz,64,form rating wcmode_blue bronze rare
Croatia,Filip Bradari?,64,form rating wcmode_blue bronze rare
Panama,Roderick Miller,64,form rating wcmode_blue bronze rare
Panama,Roberto Nurse,64,form rating wcmode_blue bronze rare
Iceland,Viðar Ari Jónsson,64,form rating wcmode_blue bronze rare
Iceland,Elías Már Ómarsson,64,form rating wcmode_blue bronze rare
Croatia,Marko Leškovi?,64,form rating wcmode_blue bronze rare
Panama,José González,64,form rating wcmode_blue bronze rare
Serbia,Andrija Pavlović,64,form rating wcmode_blue bronze rare
Panama,Luis Henríquez,64,form rating wcmode_blue bronze rare
Saudi Arabia,Mohammed Al Fatil,64,form rating wcmode_blue bronze rare
Morocco,Hamza Mendyl,64,form rating wcmode_blue bronze rare
Peru,Luiz Humberto Da Silva Silva,64,form rating wcmode_blue bronze rare
Panama,Josiel Núñez,63,form rating wcmode_blue bronze rare
Panama,Eric Davis,63,form rating wcmode_blue bronze rare
Panama,Miguel Camargo,63,form rating wcmode_blue bronze rare
Panama,Tony Taylor,63,form rating wcmode_blue bronze rare
Panama,Tony Taylor,63,form rating wcmode_blue bronze rare
Korea Republic,Woo Young Jung,63,form rating wcmode_blue bronze rare
Costa Rica,Daniel Colindres,63,form rating wcmode_blue bronze rare
Costa Rica,Kenner Gutiérrez,63,form rating wcmode_blue bronze rare
Panama,Rolando Blackburn,63,form rating wcmode_blue bronze rare
Nigeria,Dele Alampasu,63,form rating wcmode_blue bronze rare
Costa Rica,David Ramirez,63,form rating wcmode_blue bronze rare
Panama,Alex Rodríguez,62,form rating wcmode_blue bronze rare
Panama,Manuel Vargas,62,form rating wcmode_blue bronze rare
Costa Rica,Yendrick Ruíz,62,form rating wcmode_blue bronze rare
Costa Rica,Dany Carvajal,62,form rating wcmode_blue bronze rare
Panama,José de Jesús Calderón,62,form rating wcmode_blue bronze rare
Costa Rica,Óscar Esteban Granados,62,form rating wcmode_blue bronze rare
Costa Rica,Leonel Moreira,62,form rating wcmode_blue bronze rare
Costa Rica,Pablo Salazar,61,form rating wcmode_blue bronze rare
Iran,Omid Ebrahimi,61,form rating wcmode_blue bronze rare
Costa Rica,Allan Miranda,61,form rating wcmode_blue bronze rare
Panama,Jean Carlos Cedeño,61,form rating wcmode_blue bronze rare
Peru,César Ortíz,61,form rating wcmode_blue bronze rare
Costa Rica,Jhamir Ordain,60,form rating wcmode_blue bronze rare
Iran,Hossain Mahini,60,form rating wcmode_blue bronze rare
Serbia,Predrag Rajkovi?,60,form rating wcmode_blue bronze rare
Iran,Roozbeh Cheshmi,60,form rating wcmode_blue bronze rare
